,precision,recall,f1-score,support
0,0.875,0.8235294117647058,0.8484848484848485,51.0
1,0.8269230769230769,0.8775510204081632,0.8514851485148514,49.0
accuracy,0.85,0.85,0.85,0.85
macro avg,0.8509615384615384,0.8505402160864346,0.84998499849985,100.0
weighted avg,0.8514423076923078,0.85,0.8499549954995499,100.0
